1,2,3,4,5,6,7,8,9,10,11,12,13,14,15,16,17,18,19,20,21,22,23,24,25,26,27,28,29,30,31
20.24,20.01,19.67,19.81,19.72,19.8,19.56,19.54,19.67,19.37,19.68,19.75,19.1,19.04,20,19.56,19.42,19.69,19.29,19.68,18.95,19.98,19.57,19.71,19.53,19.57,19.56,19.16,19.97,19.75,19.6
20.22,19.92,19.54,19.95,19.72,19.86,19.65,20.31,19.54,19.37,19.76,19.64,19.17,19.29,19.73,19.56,19.45,19.64,19.3,19.75,18.92,20.16,19.65,19.68,19.43,19.36,19.32,19.17,20,19.91,19.62
20.21,19.95,19.33,19.86,19.7,19.69,19.5,20.32,19.54,19.32,19.88,19.58,19.14,19.21,19.73,19.76,19.24,19.73,19.4,19.55,18.94,20.17,19.53,19.67,19.35,19.35,19.37,19.17,20,20.07,19.67
20.2,19.86,19.33,19.82,19.7,19.76,19.53,20.31,19.51,19.4,19.86,19.58,19.09,19.09,19.74,19.8,19.28,19.73,19.39,19.56,18.92,20.01,19.5,19.66,19.44,19.18,19.34,19.14,19.96,19.97,19.69
20.2,19.83,19.27,19.75,19.7,19.76,19.75,20.33,19.39,19.31,19.85,19.42,19.09,19.08,19.91,19.82,19.23,19.66,19.21,19.58,19.11,20.05,19.5,19.9,19.44,19.16,19.47,19.12,19.98,19.76,19.56
20.2,19.77,19.27,19.2,19.68,19.71,19.19,20.35,19.36,19.3,19.67,19.38,19.17,19.24,19.91,19.87,19.26,19.9,19.53,19.58,19.01,20.11,19.47,19.98,19.4,19.16,19.47,19.12,19.9,19.81,19.51
20.17,19.69,19.29,19.37,19.67,19.47,19.51,20.23,19.29,19.47,19.58,19.3,19.22,18.8,19.78,19.89,19.18,19.87,19.27,19.69,18.97,19.95,19.48,20.04,19.5,19.16,20.37,19.13,19.84,19.84,19.42
20.17,19.64,19.34,19.42,19.71,19.47,19.56,19.88,19.26,19.6,19.58,19.27,19.25,18.73,19.87,19.89,19.18,19.72,19.33,19.56,18.93,19.95,19.48,19.99,19.52,19.13,20.37,19.11,20.27,19.77,19.74
20.07,19.55,19.43,19.8,19.76,19.49,19.53,19.92,19.29,19.61,19.19,19.27,19.3,18.46,19.93,19.68,19.15,19.97,19.45,19.7,19,19.95,19.49,19.89,19.56,19.02,20.22,19.08,20.28,19.73,19.62
20.02,19.52,19.52,19.92,19.74,19.52,19.65,19.89,19.17,19.56,19.2,19.18,19.33,18.57,20.01,19.72,19.28,20.07,19.49,19.76,19,19.97,19.49,19.92,19.61,19.02,20,19.28,20.28,19.55,19.61
20.02,19.49,19.54,19.83,19.7,19.33,19.69,19.87,19.01,19.9,18.92,19.19,19.31,18.58,20.01,19.71,19.32,20.02,19.31,19.46,19.21,19.97,19.63,19.81,19.62,18.88,19.96,19.31,20.28,19.49,19.61
19.98,19.48,19.57,19.92,19.67,19.58,19.77,19.87,18.96,19.82,18.82,19.1,19.34,18.34,20.01,19.8,19.31,20.02,19.44,19.38,19.02,19.9,19.64,19.83,19.61,19.19,20.03,19.27,20.25,19.48,19.68
19.98,19.58,19.35,19.82,19.68,19.43,19.8,19.86,18.99,19.45,18.87,18.88,19.48,18.48,19.95,19.82,19.21,20.09,19.58,19.36,18.92,19.93,19.66,19.78,19.79,19.34,20.07,19.31,20.25,19.52,19.66
19.98,19.62,19.36,19.89,19.55,19.47,19.72,19.85,18.79,19.46,18.69,19.03,19.56,18.39,19.95,19.73,19.27,20.25,19.58,19.18,18.92,19.95,19.73,19.91,19.81,19.3,19.84,19.3,20.24,19.71,19.64
19.98,19.63,19.34,19.93,19.52,19.36,19.7,19.85,18.7,19.52,18.79,19.09,19.47,18.39,19.92,19.65,19.31,20.1,19.33,19.11,18.98,19.95,19.79,19.82,19.86,19.43,19.87,19.17,20.24,19.78,19.7
20,19.57,19.31,19.8,19.55,19.32,19.8,19.92,18.62,19.52,18.64,19.17,19.52,18.5,19.99,19.66,19.28,20.13,19.35,19.28,18.95,19.95,19.74,19.83,19.93,19.43,19.84,19.23,20.35,19.79,19.69
20,19.61,19.25,19.88,19.48,19.49,19.82,19.92,18.79,19.51,18.64,19.19,19.43,18.46,20.03,19.58,19.29,20.2,19.26,19.4,19.04,19.97,19.67,19.74,19.92,19.54,19.66,19.17,20.32,19.67,19.71
20,19.41,19.32,19.85,19.44,19.44,20.09,19.91,18.81,19.45,18.73,19.23,19.77,18.69,20.04,19.72,19.29,20.28,19.26,19.33,19.05,20.22,19.73,19.76,19.69,19.53,19.71,19.3,20.26,19.96,19.89
20,19.37,19.32,19.93,19.53,19.18,19.82,20.01,18.8,19.25,18.65,19.41,20.02,18.74,20.07,19.76,19.4,20.44,19.32,19.37,19.07,20.22,19.87,19.68,19.63,19.55,19.64,19.33,20.26,19.8,19.84
20,19.33,19.41,19.89,19.58,19.12,19.79,20.05,18.74,19.33,18.58,19.45,19.9,18.91,20.26,19.74,19.5,19.92,19.33,19.3,19.02,19.99,19.9,19.68,19.59,19.49,19.62,19.45,20.32,19.77,19.86
20.13,19.37,19.43,19.98,19.45,19.26,19.85,20.08,18.89,19.28,18.53,19.32,19.83,18.93,20.26,19.76,19.59,19.73,19.33,19.28,18.93,19.97,19.87,19.99,19.55,19.54,19.63,19.52,20.28,19.62,19.83
20.13,19.41,19.48,19.98,19.45,19.26,20.1,19.96,18.87,19.24,18.33,19.26,19.76,19.04,20.13,19.72,19.55,19.74,19.33,19.3,19,20.01,20.08,20.13,19.59,19.49,19.66,19.52,20.28,19.65,19.83
20.13,19.41,19.51,20.12,19.46,19.35,19.78,19.52,19.01,19.23,18.4,19.25,19.48,19.44,20.13,19.78,19.6,19.97,19.45,19.39,18.99,19.9,19.99,19.93,19.54,19.51,19.65,19.58,20.27,19.51,19.86
19.5,19.45,19.42,20.03,19.67,19.4,19.81,19.58,19.08,19.22,18.39,19.33,19.66,19.8,19.91,19.74,19.73,19.85,19.53,19.69,18.92,19.95,19.98,20.09,19.52,19.4,19.63,19.57,20.27,19.5,19.78
19.5,19.46,19.42,19.85,19.72,19.42,19.62,19.62,18.82,19.2,18.46,19.25,19.61,19.78,19.91,19.55,19.65,19.67,19.47,19.67,19.03,19.91,20.26,19.85,19.46,19.45,19.62,19.41,20.25,19.32,19.79
19.5,19.42,19.5,19.8,19.74,19.42,19.75,19.67,19.07,19.2,18.53,19.47,19.62,19.88,19.8,19.58,19.69,19.66,19.44,19.77,19.04,19.95,20.26,19.98,19.72,19.4,19.61,19.43,20.2,19.31,19.78
19.57,19.36,19.66,19.86,19.76,19.2,19.75,19.8,18.86,19.26,18.56,19.51,19.51,19.86,19.8,19.53,19.74,19.7,19.43,19.7,19.23,19.75,20.73,19.84,19.65,19.46,19.62,19.43,20.26,19.28,19.78
19.57,19.33,19.65,19.83,19.7,19.29,19.63,19.89,18.86,19.29,18.6,19.44,19.67,19.87,19.57,19.59,19.69,19.63,19.32,19.78,19.31,19.75,20.43,19.66,19.59,19.2,19.66,19.36,20.26,19.27,19.72
19.63,19.33,19.7,19.72,19.89,19.18,19.42,20,18.66,19.27,18.74,19.53,19.6,19.79,19.61,19.55,19.59,19.3,19.33,19.84,19.41,19.46,20.29,19.61,19.41,19.19,19.72,19.44,20.26,19.25,19.54
19.7,19.36,19.54,19.82,19.74,19.18,19.47,20.09,18.89,19.25,18.85,19.54,19.62,19.83,19.61,19.47,19.58,19.29,19.33,19.93,19.53,19.51,19.55,19.59,19.3,19.17,19.6,19.42,20.2,19.22,19.53
19.79,19.39,19.23,19.47,19.68,19.36,19.47,20.14,18.62,19.34,18.89,19.5,19.53,19.93,19.68,19.49,19.47,19.28,19.15,19.89,19.33,19.43,19.59,19.61,19.29,19.25,19.56,19.43,20.32,19.2,19.54
19.92,19.25,19.27,19.52,19.55,19.36,19.47,20.21,18.61,19.28,18.91,19.5,19.4,19.92,19.68,19.37,19.3,19.28,19.15,19.9,19.33,19.44,19.66,19.64,19.29,19.32,19.56,19.43,20.32,19.14,19.55
19.97,19.05,19.02,19.29,19.41,19.41,19.49,20.29,17.95,19.37,18.95,19.48,19.18,19.91,19.84,19.45,19.17,19.71,19.05,19.85,19.43,19.34,19.65,19.7,19.19,19.09,19.53,19.24,20.16,19.04,19.62
20.17,18.92,18.85,19.29,19.13,19.5,19.56,20.33,17.9,19.35,19.07,19.46,18.96,19.78,19.86,19.47,19.13,19.81,18.93,19.85,19.61,19.54,19.63,19.48,19.19,19,19.53,19.24,20.07,19.09,19.56
19.79,18.91,18.7,18.75,19.18,20.53,19.59,20.32,18.06,19.4,19.27,19.44,18.98,19.78,19.97,19.47,19.11,19.48,18.96,19.79,19.76,19.58,19.92,19.34,19.15,18.98,19.51,19.01,20.13,19.24,19.56
19.79,20.15,18.79,18.77,19.05,20.7,19.64,20.26,18,19.19,19.49,19.34,18.98,19.73,19.97,19.58,18.95,19.32,18.92,19.87,19.83,19.58,19.94,19.34,18.81,18.99,19.52,19.25,20.14,19.25,19.36
19.87,19.99,18.77,18.96,18.97,19.5,19.45,20.26,17.84,19.31,19.47,19.47,18.9,19.69,19.96,19.58,18.89,19.5,18.93,19.84,19.7,19.63,19.69,19.39,18.85,18.89,19.4,19.38,20.18,19.15,19.26
19.95,18.76,18.7,18.96,18.89,19.5,19.61,20.26,17.92,19.17,19.49,19.48,18.8,19.58,19.96,19.56,18.83,19.48,18.96,19.84,19.83,19.58,19.06,19.48,18.97,18.79,19.45,19.37,20.22,19.15,19.23
19.85,18.73,18.71,18.96,19.02,19.63,19.43,20.23,17.91,19.06,19.51,19.41,18.72,19.49,19.96,19.6,18.76,19.53,18.78,19.89,19.75,19.59,19.1,19.45,18.91,18.82,19.34,19.65,20.25,18.96,19.22
19.82,18.7,18.46,19.01,18.78,19.57,19.39,20.23,17.92,19.09,19.46,19.5,18.71,19.45,20.03,19.71,18.75,19.53,18.89,19.61,19.75,19.54,19.26,19.65,18.92,18.8,19.3,19.77,20.22,19.13,19.23
19.88,18.7,18.45,19.06,18.83,19.28,19.1,20.22,18.08,19.14,19.73,19.51,18.6,19.56,20.02,19.79,18.69,19.51,18.76,19.56,19.66,19.45,19.2,19.61,19.29,18.85,19.24,19.77,20.22,19.11,19.31
19.82,18.73,18.3,19.48,18.87,18.85,19.12,20.22,18.09,19.08,19.75,19.44,18.76,19.56,20.01,19.59,18.48,19.53,18.6,19.5,19.69,19.49,19.28,19.48,19.38,19.1,19.34,19.76,20.27,19.15,19.38
19.62,18.66,18.27,19.38,18.83,18.71,19.07,20.2,18.23,18.97,19.78,19.54,18.81,19.55,20.36,19.48,18.47,19.58,18.64,19.45,19.55,19.48,19.28,19.45,19.46,19.04,19.17,19.77,20.27,19.13,19.44
19.4,18.7,18.46,19.39,18.38,18.57,19.05,20.2,18.24,18.82,19.81,19.56,18.71,19.56,20.39,19.47,18.47,19.49,18.46,19.42,19.32,19.58,19.29,19.42,19.5,19.11,19.21,19.86,20.22,18.96,19.36
19.39,18.56,18.53,19.44,18.1,18.41,18.96,20.08,18.31,18.76,19.7,19.5,18.67,19.64,20.31,19.49,18.36,19.57,18.46,19.45,19.15,19.56,19.24,19.38,19.65,19.16,19.13,19.91,20.23,18.95,19.32
19.11,18.76,18.46,20.12,18.28,18.54,18.96,20.07,18.48,19,19.76,19.42,18.64,19.69,20.34,19.5,18.33,19.54,18.44,19.4,19.08,19.61,19.24,19.64,19.65,19.26,19.08,19.88,20.12,19.01,19.25
19.1,18.68,18.56,20.11,18.05,18.53,18.96,20.09,18.54,18.8,19.79,19.24,18.57,19.89,20.15,19.67,18.36,19.57,18.39,19.41,18.85,19.73,19.29,19.62,19.56,19.52,19.01,19.89,20.15,18.97,19.25
19.07,18.86,18.42,20.22,18.14,18.49,18.95,20.05,18.61,19.02,19.54,19.34,18.8,19.89,20.2,19.57,18.29,19.57,18.42,19.41,18.82,19.73,19.34,19.63,19.53,19.49,18.99,19.87,20.1,18.94,19.27
19.03,18.8,18.46,20.22,18.11,18.55,18.85,20.03,18.74,18.92,19.73,19.15,18.65,20,20.27,19.56,18.24,19.56,18.33,19.49,18.57,19.8,19.35,19.71,19.64,19.53,19.02,19.84,20.06,18.99,19.13
19.03,18.85,18.7,20.22,18.42,18.61,19.02,20.04,18.62,19.15,19.64,19.17,18.6,20.11,20.27,19.52,18.41,19.59,18.36,19.29,18.52,19.8,19.36,19.69,19.55,19.51,19.1,19.85,20.09,19.05,19.13
19.03,18.67,19.5,20.22,18.48,18.29,19.2,20.04,18.55,19.32,19.62,18.85,18.53,19.99,20.35,19.39,18.43,19.52,18.63,19.09,18.47,19.79,19.38,19.63,19.61,19.57,18.97,19.8,20.09,19.04,19.19
19.23,18.62,19.8,20.21,18.57,18.34,19.06,20.02,18.57,19.46,19.53,18.83,18.43,19.93,20.35,19.43,18.52,19.55,18.77,19.21,18.57,19.82,19.39,19.65,19.47,19.63,18.87,19.87,20.09,19.01,19.15
19.33,18.58,19.08,20.06,18.65,18.25,19.1,20.02,18.75,19.37,19.63,18.61,18.72,19.92,20.31,19.27,18.54,19.36,18.76,19.11,18.54,19.76,19.38,19.66,19.66,19.61,18.9,19.77,20.12,19.02,19.14
19.3,18.6,19.13,20.05,18.94,18.53,19.08,20.02,18.88,19.36,19.47,18.67,18.62,19.96,20.29,19.22,18.5,19.29,18.75,19.08,18.5,19.75,19.42,19.72,19.59,19.63,18.86,19.77,20.12,19.08,19.12
19.57,18.6,19.2,19.91,18.97,18.59,19.23,20.02,19.08,19.3,19.41,18.77,18.67,20.02,20.26,19.06,18.55,19.41,18.59,19.19,18.42,19.75,19.4,19.51,19.61,19.49,19.03,19.75,20.12,19.12,18.94
19.6,18.72,19.45,19.93,19,18.59,19.1,20.05,19.22,19.25,19.39,18.92,18.69,19.7,20.2,18.92,18.52,19.37,18.61,19,18.33,19.82,19.39,19.51,19.58,19.48,19.14,19.81,20.12,19.08,18.98
19.78,18.8,19.33,19.85,19.08,18.62,19.58,20.05,19.48,19.17,19.39,18.9,18.77,19.59,20.14,20.48,18.59,19.37,18.46,18.97,18.24,19.66,19.36,19.47,19.58,19.39,19.17,19.69,20.13,18.97,18.89
20,18.81,19.29,19.89,19.02,18.65,19.52,20,19.5,18.99,19.29,18.9,19.17,19.62,20.13,19.14,18.54,19.33,18.54,19.01,18.18,19.75,19.33,19.47,19.77,19.4,19.12,19.7,20.13,19,19.01
20.02,18.86,19.36,19.44,18.95,18.72,19.51,20,19.53,18.84,19.31,18.96,19.2,19.74,19.86,19.32,18.87,19.33,18.61,18.94,18.16,19.81,19.33,19.32,19.43,19.19,18.91,19.73,20.13,19.01,18.93
20.02,18.82,19.3,19.56,18.88,18.69,19.51,20,19.52,18.93,19.34,19.04,19.18,19.66,19.91,19.36,18.92,19.32,18.83,18.98,18.4,19.84,19.4,19.35,19.46,19.21,18.91,19.66,20.19,19.06,19.03
19.99,20.08,19.17,19.62,18.93,18.65,19.57,19.72,19.28,18.76,19.3,19.01,19.24,19.74,19.93,19.33,19.12,19.35,18.97,18.92,18.51,19.85,19.47,19.23,19.33,19.34,19.02,19.62,20.14,19.19,18.83
20.01,18.79,20.18,20.34,18.99,18.93,19.45,19.73,19.45,18.67,19.43,19.13,19.25,19.7,19.61,19.43,19.28,19.33,18.93,19,18.5,19.81,19.51,19.32,19.41,19.35,19,19.5,20.16,19.21,18.92
20.05,19,19.09,19.88,18.96,19.1,19.41,19.7,19.38,18.86,19.51,19.26,19.22,19.7,19.61,19.37,19.45,19.13,19,18.97,18.5,19.86,19.36,18.91,19.37,19.23,19,19.54,19.93,18.94,18.91
20.08,19.06,19.11,19.89,19.02,19.18,19.36,19.73,19.56,19.01,19.59,19.29,18.98,19.69,19.63,19.32,19.57,19.07,19.02,19.1,18.64,19.88,19.4,19,19.37,19.4,19,19.48,20,18.92,18.89
20.02,19.07,18.96,19.9,19.06,19.37,19.35,19.74,19.52,19.1,19.48,19.4,18.96,19.71,19.68,19.36,19.69,19.2,19.04,18.8,18.66,19.87,19.33,18.87,19.23,19.22,18.92,19.55,19.93,18.94,18.87
20.02,18.93,18.98,19.86,19.03,19.47,19.57,19.74,19.53,19.24,19.55,19.21,18.96,19.72,19.66,19.15,19.69,19.09,18.82,18.86,18.79,19.87,19.33,18.87,19.31,19.27,18.91,19.38,19.93,18.95,18.9
20.02,18.97,18.88,20.04,19.06,19.53,19.65,19.76,19.43,19.22,19.5,19.2,18.96,19.77,19.51,19.19,19.49,18.94,19.06,18.87,19.06,19.87,19.31,18.51,19.18,18.94,18.97,19.43,19.79,19.08,18.94
20.02,18.85,18.91,20.05,19.08,19.51,19.64,19.82,19.44,19.35,19.52,19.2,18.88,19.8,19.59,18.97,19.49,18.87,19.24,18.93,19.35,19.66,19.26,18.47,19.2,18.96,19.04,19.43,19.87,19.31,18.87
19.69,18.69,18.61,20.03,19.22,19.36,19.71,19.89,19.42,19.42,19.32,19.25,18.85,19.72,19.35,18.68,19.38,18.84,19.25,19.04,19.6,19.66,19.25,18.43,19.11,18.71,19.04,19.58,19.75,19.3,18.82
19.56,18.74,18.78,19.99,19.37,19.35,19.75,19.91,19.46,19.44,19.38,19.23,18.71,19.82,19.5,18.5,19.32,18.8,19.04,19.12,19.69,19.71,19.24,18.42,19.23,18.79,19.27,19.55,19.71,19.27,18.93
19.33,18.77,18.85,20.31,19.76,19.14,19.58,19.92,19.49,19.49,19.35,19.25,18.72,19.69,19.43,18.39,19.29,18.71,18.95,19.16,19.66,19.76,19.08,18.54,19.27,18.65,19.14,19.54,19.59,19.14,18.97
19.31,18.71,18.91,20.35,19.78,19.27,19.6,19.92,19.49,19.49,19.3,19.25,18.8,19.66,19.52,18.43,19.36,18.69,18.87,19.27,19.73,19.78,19.2,18.57,19.28,18.6,19.2,19.43,19.43,19.22,19.08
19.03,18.81,18.98,21.96,19.62,19.16,19.47,20.03,19.32,19.46,19.18,19.2,18.7,19.75,19.06,18.43,19.26,18.67,18.82,19.28,19.74,19.78,18.98,18.68,19.28,18.58,19.32,19.48,19.22,19.11,18.99
18.97,18.71,18.88,21.96,19.59,19.21,19.5,20.03,19.35,19.58,19.12,19.07,18.76,19.59,18.94,18.18,19.33,18.78,18.76,19.28,19.74,19.76,18.94,18.69,19.2,18.6,19.36,19.79,19.22,18.98,18.81
18.83,18.7,18.82,21.92,19.58,19.39,19.54,20.03,19.35,19.49,18.99,19.19,18.77,19.6,19.07,18.12,19.45,18.64,18.62,19.18,19.8,19.76,18.9,18.7,19.16,18.74,19.46,19.86,19.04,18.6,19.07
18.57,18.72,18.85,21.92,19.5,19.4,19.7,19.8,19.66,19.51,18.94,19.19,18.47,19.74,19.1,18.16,19.29,18.67,18.56,19.2,19.82,19.4,18.89,18.81,19.23,18.79,19.46,19.66,19.03,18.63,19.2
18.38,18.65,18.76,19.95,19.49,19.37,19.54,19.8,19.32,19.44,19.08,19.12,18.39,19.68,19.2,18.14,19.55,18.58,18.85,19.29,19.8,19.42,18.75,18.9,19.24,18.71,19.35,19.65,18.98,18.84,19.05
18.21,18.9,18.76,19.95,19.43,19.34,19.54,19.86,19.81,19.47,18.97,19.16,18.34,19.57,19.18,18.12,19.54,18.71,18.79,19.3,19.96,19.24,18.72,19.01,19.4,18.86,19.55,19.68,18.98,18.85,18.91
18.12,18.95,18.74,19.97,19.4,19.37,19.75,19.86,19,19.4,19.09,19.03,18.28,19.7,18.85,17.98,19.3,18.89,18.84,19.22,19.98,19.24,18.82,19.06,19.48,18.83,19.61,19.43,19.05,18.85,18.83
17.94,18.71,18.71,19.86,19.64,19.28,19.68,19.9,19.37,19.4,19.16,19.08,18.33,19.73,18.85,18.04,19.32,18.94,18.75,19.41,19.88,19.24,18.99,19.15,19.74,18.98,19.59,19.51,18.93,18.85,18.97
18.07,18.76,18.77,19.9,19.52,19.05,19.36,19.9,19.27,19.13,19.16,19.07,18.3,19.63,18.86,17.88,19.17,19.16,18.9,19.3,19.86,19.23,19.05,19.25,20.41,18.97,19.59,19.52,18.93,18.85,18.95
17.91,18.85,18.89,19.9,19.54,18.8,19.4,19.71,19.18,19.07,19.14,19.11,18.32,19.59,18.87,18.12,19.43,19.18,18.95,19.29,19.81,18.87,19.13,19.38,19.47,19.03,19.69,19.56,18.98,18.77,18.9
18,18.93,18.82,20.92,19.61,18.78,19.18,19.76,19.17,18.96,19.27,19.06,18.5,19.59,18.36,18.26,19.19,19.24,18.93,19.02,19.83,18.82,19.2,19.33,19.5,19.2,19.51,19.54,18.93,19.15,18.85
18.21,18.85,18.76,19.81,19.58,18.8,19.18,19.74,19.19,18.96,19.23,19.26,18.55,19.57,18.36,18.4,19.17,19.15,18.81,19.17,19.81,18.84,19.25,19.33,19.46,19.11,19.53,19.7,19.25,19.22,18.92
18.18,18.83,18.85,19.77,19.57,18.84,19.08,19.79,19.16,19.01,19.26,18.95,18.61,19.59,18.36,18.66,19.02,19.21,19.06,19.05,19.86,18.82,19.2,19.38,19.34,19.24,19.56,19.56,19.25,19.37,18.78
18.33,18.87,18.89,20.13,19.64,18.84,19.08,19.68,19.21,18.91,19.48,19.07,18.63,19.57,18.48,18.65,18.93,19.09,18.96,19.11,19.89,18.89,19.12,19.3,19.3,19.21,19.56,19.52,19.26,19.08,18.79
18.58,18.87,18.59,19.99,19.6,19.38,19.31,19.7,18.99,19,19.46,19.14,18.66,19.6,18.93,18.63,18.88,18.81,19.12,19,19.89,18.92,19.1,19.28,19.29,19.01,19.43,19.19,19.3,18.98,18.62
18.6,18.91,18.85,19.86,19.41,19.36,19.26,19.73,19.02,19.07,19.51,19.14,18.68,19.55,18.95,18.56,18.77,18.81,19.16,18.97,19.94,19.06,19.06,19.25,19.29,19.16,19.47,19.34,19.27,19.07,19.19
18.6,19.07,19.1,19.92,19.51,18.87,18.66,19.61,18.92,19,19.49,19.09,18.9,19.48,19.04,18.5,18.39,18.75,19.03,19.03,20.09,19.06,18.9,19.15,19.27,19.09,19.31,19.21,19.35,18.79,18.95
18.81,18.83,19.16,19.94,19.36,18.89,18.66,19.62,19.06,19.01,19.49,19.2,18.93,19.53,19.13,18.84,18.26,18.68,19.03,19.06,19.97,19.11,18.97,19.19,19.12,19.07,19.57,19.25,19.5,18.87,18.87
18.86,19.15,19.06,19.75,19.33,18.88,19.16,19.59,19.18,18.99,19.4,19.15,19.08,19.52,19.33,18.72,18.49,18.65,19.06,19.11,20.28,19.6,18.94,19.17,19.14,18.88,19.24,19.68,19.85,18.66,18.88
19.16,19.29,19.13,19.79,19.32,19.06,19.13,19.58,19.15,19.03,19.27,19.16,19.15,19.6,19.46,18.61,18.62,18.7,19.13,19.22,20.26,20.05,18.92,19.24,19.08,18.85,19.37,19.75,19.8,18.7,18.89
19.21,19.33,19.14,19.8,19.1,19.05,19.18,19.58,19.05,18.77,19.31,19.17,19.2,19.7,19.5,18.69,18.64,18.67,18.98,19.2,20.27,20.15,19,19.23,19.03,18.95,19.48,19.74,19.59,18.58,18.67
19.32,19.14,19.3,19.77,19.19,18.97,19.27,19.58,19.16,18.72,19.3,19.15,19.25,19.75,19.51,18.74,18.64,18.8,18.99,19.29,20.94,20.07,19.04,19.12,19.04,18.96,19.55,19.68,19.34,18.73,18.65
19.34,19.23,19.16,19.79,19.32,19.16,19.35,19.5,19.09,18.72,19.33,19.17,19.28,19.73,19.74,18.81,18.69,18.76,18.88,19.18,20.28,20.07,18.91,19.18,19.09,19.03,19.16,19.4,19.16,18.68,18.8
19.48,19.12,19.28,19.79,19.4,19.16,19.4,19.5,19.25,18.65,19.37,19.17,19.45,19.75,19.79,18.8,18.76,18.78,18.94,19.13,19.8,20.06,19.02,19.2,19.04,19.01,18.98,19.36,19,18.57,18.84
19.47,19.21,19.2,19.85,19.47,19.14,19.54,19.38,19.05,18.6,19.29,19.19,19.33,19.67,19.81,18.71,18.56,18.64,18.8,19.14,19.8,20.15,18.9,19.11,19.18,19.07,19,19.56,18.77,18.62,18.79
19.53,19.08,19.21,19.85,19.48,19.03,19.48,19.34,19,18.7,19.16,19.26,19.32,19.67,19.87,18.72,18.57,18.62,18.86,19.12,19.6,20.13,18.95,19.17,19.25,19.15,18.87,19.53,18.66,18.6,18.82
19.56,19.21,19.18,19.85,19.33,19.08,19.41,19.31,19.17,18.78,19.12,19.24,19.26,19.53,19.72,18.73,18.73,18.47,18.64,19.21,19.6,20.13,19,19.14,19.33,19.16,18.71,19.51,18.79,18.59,18.81
19.61,19.23,19.12,19.95,19.29,19.1,19.69,19.36,19.28,18.85,19.06,19.21,19.24,19.54,19.76,18.72,18.8,18.36,18.67,19.11,19.6,20.08,19,19.1,19.46,19.14,18.78,19.58,18.75,18.65,18.7
19.67,19.26,19.09,20.02,19.23,19.28,19.5,19.11,19.34,18.78,19.05,19.24,19.29,19.29,19.82,18.75,18.95,18.33,18.8,19.11,19.58,20.08,18.95,19.07,19.5,19.08,18.79,19.33,18.68,18.58,18.76
19.81,19.25,19.03,20.03,19.28,19.3,19.64,19.16,19.38,18.9,19.18,19.21,19.27,19.27,19.42,18.76,18.78,18.34,18.68,19.08,19.55,20.09,18.98,19.1,19.6,19.2,18.69,19.33,18.59,18.67,18.79
19.88,19.3,19.02,20.07,19.3,19.29,19.66,19.15,19.26,18.94,19.11,19.21,19.22,19.08,19.42,18.93,18.85,18.32,18.56,19.08,19.57,20.06,18.88,18.92,19.6,19.21,18.72,19.51,18.61,18.75,18.69
19.84,19.33,19.05,20.09,19.27,19.29,19.64,19.18,19.29,19.06,19.13,19.29,19.18,19.08,19.42,19.15,18.98,18.32,18.6,19.09,19.5,20.06,18.93,18.93,19.44,19.25,18.76,19.49,18.54,18.85,18.69
19.9,19.52,19,20.12,19.25,19.33,19.6,19.24,19.12,19.14,19.05,19.16,19.29,19.08,19.39,19.12,19.07,18.46,18.55,18.96,19.57,20.06,18.84,19.11,19.52,19.32,18.65,19.5,18.54,18.69,18.75
19.96,19.43,18.98,19.86,19.3,18.97,19.57,19.29,19.2,19.23,19.18,19.15,19.25,19.06,19.42,19.14,19.19,18.46,18.61,19.08,19.56,19.99,19.02,19.11,19.58,19.38,18.69,19.57,19.22,18.93,18.81
19.98,19.6,18.86,19.9,19.25,18.95,19.47,18.95,19.2,19.33,19.19,19.07,19.17,19.08,19.42,19.19,19.15,18.51,18.68,19.05,19.6,20.08,19.05,19.12,19.64,19.37,18.83,19.39,19.18,19.13,18.85
19.72,20.15,18.84,19.9,19.22,18.93,19.66,18.99,19.07,19.38,19.27,19.17,19.21,19.39,19.41,19.31,19.18,18.54,18.5,18.94,19.48,20.05,19.19,19.14,19.62,19.51,18.85,19.3,19.29,19.14,18.86
21.47,20.02,18.82,19.9,19.08,18.94,19.66,18.91,19.11,19.35,19.3,19.26,19.08,19.42,19.44,19.22,19.36,18.7,18.34,19.06,19.42,20.05,19.07,19.06,19.54,19.53,18.89,19.32,19.54,18.76,18.67
20.07,20.03,18.93,19.96,19.2,18.72,19.73,18.91,19,19.34,19.32,19.17,19.08,19.2,19.5,19.32,19.23,18.78,18.39,19.11,19.46,20.05,19.09,19,19.57,19.76,19.02,19.27,19.64,18.69,18.9
20.17,20.6,19.07,19.98,19.18,18.65,19.55,18.86,19.05,19.38,19.34,19.22,19.04,19.32,19.52,19.46,19.19,18.92,18.5,19.14,19.36,20.13,19.17,18.86,19.56,19.6,19.12,19.15,19.69,18.85,18.64
20.27,20.62,19.14,19.99,19.24,18.7,19.57,18.86,18.93,19.39,19.45,19.23,19.14,19.34,19.62,19.3,19.06,18.92,18.59,19.15,19.47,19.85,19.21,19.02,19.44,19.9,19.14,19.08,20.03,18.76,18.72
20.07,20.19,18.99,19.96,19.36,18.73,19.65,18.81,18.68,19.35,19.37,19.34,19.16,19.4,19.65,19.34,19.09,18.92,18.76,19.14,19.33,19.94,19.19,18.95,19.53,19.31,19.18,19,20.46,18.81,18.61
20.54,20.29,19.17,19.99,19.32,18.81,19.74,18.89,18.68,19.43,19.34,19.39,19.14,19.52,19.73,19.29,19.01,18.91,18.81,19.13,19.38,19.85,19.23,18.91,19.46,19.36,19.19,18.88,20.32,18.84,18.69
20.54,19.8,19.02,20.04,19.23,18.85,19.58,18.93,18.58,19.39,19.36,19.41,19.03,19.6,19.66,19.38,19.17,19,18.53,19.06,19.13,19.85,19.31,18.9,19.33,19.52,19.1,18.75,20.42,18.95,18.64
20.49,19.77,19.07,20.08,19.4,18.87,19.6,19.07,18.46,19.49,19.47,19.41,18.92,19.75,19.65,19.5,19.15,19.06,18.42,19.1,19.25,19.76,19.37,18.92,19.39,19.6,19.09,18.8,20.51,19.13,18.88
20.84,19.6,19.02,20.01,19.14,19.06,19.38,19.2,18.64,19.24,19.53,19.41,19.02,19.74,19.7,19.42,19.13,19.25,18.71,18.94,19.29,19.96,19.33,19.1,19.32,19.48,18.94,18.65,20.5,19.04,18.71
20.68,19.64,19.11,20.02,19.21,19.07,19.5,19.26,18.8,19.39,19.54,19.57,18.98,19.78,19.7,19.38,19.12,19.23,18.7,19.09,19.05,19.96,19.3,18.64,19.23,19.53,18.92,18.45,20.24,19.07,18.81
20.66,19.62,19.18,20.02,19.04,19.1,19.32,19.34,18.64,19.37,19.46,19.57,19,19.82,19.74,19.33,19.07,19.23,18.73,19.08,19.12,20.03,19.23,18.74,19.27,19.44,18.89,18.43,20.22,18.98,18.87
19.87,19.51,19.12,20.02,19,19.22,19.37,19.5,18.61,19.27,19.55,19.34,18.97,19.81,19.68,19.36,19.05,19.17,18.89,19.18,19.14,20.02,19.27,19.05,19.19,19.39,18.84,18.16,20.26,19.02,18.94
19.84,19.36,19.3,20.04,18.82,19.24,19.39,19.54,18.68,19.18,19.41,19.24,18.87,19.91,19.62,19.26,18.85,19.15,18.75,19.17,19.14,20,19.23,19.05,19.13,19.44,18.92,18.09,20.2,19.04,18.94
19.83,18.99,19.42,20.1,18.71,19.19,19.4,19.63,18.72,19.32,19.31,19.1,18.92,19.88,19.67,19.5,18.85,19.01,18.99,19.25,19.12,20.06,19.27,18.77,19.13,19.51,19.11,17.82,20.18,19.18,18.9
19.35,18.94,19.55,20.09,18.59,19.18,19.47,19.77,18.92,19.3,19.32,19.23,18.99,20.06,19.5,19.4,18.69,19.31,18.92,19.3,19.03,19.97,19.14,18.83,19.23,19.45,19.14,17.98,20.13,19.23,18.97
19.43,18.95,19.51,20.1,18.45,19.24,19.48,19.8,18.99,19.29,19.37,19.28,19.02,20.18,19.51,19.48,18.67,19.34,19.13,19.31,18.97,19.93,19.08,18.69,19.19,19.49,19.1,17.91,20.05,19.52,19.03
19.46,18.98,19.39,20.1,18.86,19.28,19.52,19.78,19.05,19.32,19.28,19.23,19.02,19.87,19.43,19.4,18.56,19.38,19.42,19.19,19.1,19.96,19.06,18.81,18.94,19.4,19.1,17.99,20.01,19.59,19.14
19.46,18.85,19.37,20.1,18.68,19.09,19.63,19.6,19.16,19.42,19.24,19.39,19.14,19.96,19.43,19.39,18.55,19.38,19.46,19.19,19.08,20.13,19.12,18.76,18.94,19.38,19.18,18.06,20.04,19.53,19.01
19.55,18.9,19.33,20.18,18.5,19.12,19.74,19.68,19.36,19.32,19.23,19.27,19.16,19.89,19.09,19.41,18.49,19.34,19.41,19.15,19.16,20.18,19.04,18.81,19.14,19.36,19.14,18.36,19.98,19.63,19.24
19.54,18.83,19.42,20.14,18.58,19.08,19.74,19.68,19.02,19.44,19.17,19.17,19.19,19.88,18.86,19.43,18.67,19.35,19.23,19.32,19.02,20.09,19,18.77,19.15,19.19,19.16,18.51,20,19.51,19.17
19.55,18.9,19.5,20.12,18.47,18.99,19.58,19.72,19.2,19.5,19.18,19.2,19.26,19.77,18.59,19.31,18.69,19.35,19.24,19.29,19.15,20.09,19.09,18.86,19.22,19.3,19.18,18.95,20.36,19.48,19.32
19.57,18.83,19.47,20.06,18.67,19.04,19.59,19.83,19.29,19.46,19.21,19.24,19.4,19.76,18.63,19.37,18.63,19.35,19.3,19.3,19.15,19.99,19.16,18.84,19.1,19.32,19.22,19.04,20.38,19.29,19.35
19.56,18.78,19.52,19.98,18.82,19.15,19.42,19.9,19.52,19.2,18.9,19.47,19.35,19.55,18.09,19.16,18.53,19.47,19.02,19.42,19.23,19.89,19.27,18.88,19.39,19.44,19.27,19.1,20.36,19.4,19.37
19.92,18.82,19.5,19.95,18.85,19.28,19.59,19.89,19.49,19.24,19.05,19.44,19.35,19.55,18.09,19.13,18.69,19.39,19.07,19.37,18.95,20.13,19.3,18.95,19.43,19.46,19.27,19.12,20.4,19.12,19.69
20.03,18.99,19.43,19.97,18.68,19.2,19.53,19.96,19.73,19.31,19.32,19.42,19.04,19.4,18.02,18.99,18.66,19.49,19.24,19.39,18.91,19.92,19.27,18.99,19.39,19.3,19.25,19.42,20.06,19.37,19.48
20.04,18.98,19.44,19.8,18.85,19.13,19.47,19.87,19.75,19.35,19.49,19.48,19.09,19.4,18.02,18.95,18.6,19.54,19.1,19.43,18.92,19.99,19.33,18.87,19.57,19.32,19.3,19.51,20.03,19.26,19.49
19.79,18.91,19.38,19.75,18.79,18.99,19.41,19.87,19.51,19.28,19.44,19.45,18.98,18.92,17.71,19.43,18.65,19.4,19.25,19.33,18.79,19.99,19.32,18.86,19.52,19.23,19.19,19.57,20.04,19.24,19.49
19.73,18.87,19.4,19.76,18.89,19.05,19.5,19.87,19.45,19.26,19.34,19.58,18.91,18.9,17.71,19.43,18.83,19.3,19.33,19.4,18.77,19.98,19.32,18.75,19.52,19.25,19.23,19.62,19.9,19.12,19.49
19.79,18.99,19.36,19.69,19.01,18.97,19.55,19.89,19.56,19.2,19.31,19.36,18.86,18.91,18.2,19.42,18.83,19.11,19.24,19.4,18.59,20.02,19.18,18.78,19.55,19.01,19.04,19.67,19.87,18.85,19.38
19.79,19.12,19.28,19.74,19.08,19.07,19.64,19.91,19.38,19.22,19.03,19.4,18.78,18.78,18.55,19.5,18.97,19.08,19.4,19.53,18.59,20.08,19.13,18.95,19.67,18.98,19.02,19.72,19.95,18.82,19.41
19.8,19.1,19.2,19.6,18.9,19.06,19.6,19.9,19.24,19.08,19.2,19.19,18.74,18.76,18.52,19.49,18.97,19,19.28,19.33,18.59,20.03,18.99,18.99,19.67,18.91,18.83,19.73,19.97,19.2,19.25
19.8,19.09,19.21,19.6,19.14,18.96,19.56,19.97,19.26,19.2,19.08,18.99,18.81,18.82,18.77,19.5,18.99,18.91,19.37,19.26,18.62,20.08,19.13,19.07,19.67,18.92,18.98,19.85,19.94,19.24,19.39
19.82,18.95,19.19,19.41,19.37,19.03,19.88,19.83,19.24,19.19,18.86,18.81,18.69,18.74,18.59,19.6,18.92,18.92,19.49,19.27,18.45,19.99,19.03,19.15,19.5,18.85,18.93,19.8,19.94,19.21,19.29
19.82,19.13,20.25,19.35,19.65,18.98,19.69,19.72,19.36,19.22,18.59,18.74,18.48,18.85,18.73,19.57,18.91,19.01,19.46,19.24,18.47,19.97,19.03,19.16,19.5,18.9,18.98,19.82,19.98,19.2,19.36
19.86,19.15,20.08,19.35,19.77,18.97,19.63,19.85,19.39,19.18,18.51,18.53,18.67,18.92,18.77,19.34,18.99,19.03,19.42,19.04,18.6,19.92,18.98,19.24,19.51,18.87,18.9,19.77,19.94,19.31,19.45
19.96,19.19,20.07,19.4,19.69,19.04,19.63,19.95,19.26,19.15,18.47,18.39,18.7,18.98,18.74,19.32,18.96,18.78,19.42,19.12,18.53,19.91,18.98,19.2,19.6,19.09,19.12,19.79,19.96,19.46,19.39
19.87,19.26,18.88,19.04,19.83,19,19.58,19.93,19.18,19.1,18.41,18.45,18.63,19.11,19.56,19.34,18.95,18.97,19.27,19.19,18.48,19.89,18.91,19.27,19.6,19.46,18.93,19.74,19.93,19.46,19.37
19.89,19.22,18.77,19.04,19.76,19.04,19.57,20.04,19.25,19.21,18.55,18.44,18.67,19.12,19.45,19.43,18.91,18.94,19.36,18.96,18.36,19.89,18.91,19.27,19.45,19.58,18.95,19.95,19.9,19.28,19.42
19.91,19.18,18.92,18.96,19.57,19.07,19.45,20.05,19.2,19.17,18.71,18.35,18.84,19.11,19.36,19.66,18.82,19.04,19.42,18.98,19.21,19.85,18.89,19.33,19.47,19.44,19.08,19.91,19.86,19.07,19.09
19.84,19.26,18.94,18.7,19.45,19.13,19.46,19.9,19.22,19.2,18.77,18.42,18.84,19.05,19.24,19.68,18.92,18.98,19.34,18.86,19.14,19.6,18.91,19.26,19.39,19.46,19.19,19.97,19.86,19.03,19.02
19.83,19.3,18.91,18.68,19.63,19.11,19.21,19.9,19.2,18.95,18.72,18.29,18.79,19.2,19.1,19.68,18.89,19.05,19.3,18.91,19.41,19.6,18.82,19.22,19.4,19.27,19.03,19.9,19.76,18.95,19.06
19.81,19.18,19,18.51,19.69,19.16,19.21,19.94,19.24,18.9,18.7,18.29,18.93,19.01,19.06,19.67,18.86,19.06,19.37,18.92,19.49,19.67,18.85,19.24,19.37,19.32,19.07,19.94,19.78,18.98,19.25
19.69,19.24,19.05,18.45,19.49,19.12,19.04,19.97,19.03,18.9,18.72,18.35,18.92,19.07,19.16,19.64,19.1,19.01,19.32,18.92,19.66,19.63,18.85,19.25,19.08,19.28,19.02,19.88,19.76,18.84,19.26
19.57,19.03,18.96,18.42,19.46,19.15,19.19,20.05,19.08,18.8,18.89,18.24,19,19.07,19.16,19.65,19.2,19.08,19.36,18.99,19.75,19.67,18.7,19.24,19.12,19.25,19.07,19.91,19.77,18.84,19.11
19.63,19.09,19.06,18.45,19.52,19.03,19.26,20.08,18.87,18.83,19.02,18.51,18.99,19.03,19.11,19.62,19.26,19.09,19.32,19.04,19.56,19.58,18.59,19.1,18.82,19.24,19.37,19.81,19.77,18.95,19.37
19.54,19.13,19.31,18.45,19.55,19.09,19.26,20.03,19.04,18.8,19.12,18.54,18.94,19.11,19.2,19.59,19.4,19.23,19.34,19.1,19.53,19.62,18.49,18.97,18.82,19.24,19.34,19.68,19.64,19.01,19.26
19.46,19.19,19.39,18.46,19.46,19.06,19.19,20.04,18.69,18.82,19.12,18.74,19.04,19.05,19.05,19.45,19.32,19.35,19.33,19.33,19.38,19.57,18.58,18.81,18.88,19.18,19.39,19.5,19.63,18.92,19.33
19.44,19.26,19.26,18.4,19.6,19.1,19.21,20,18.59,18.95,19.01,18.81,19.04,19.11,19.12,19.41,19.35,19.3,19.37,19.31,19.44,19.57,18.47,18.79,18.65,19.02,19.49,19.35,19.6,18.88,19.32
19.4,19.38,19.34,18.52,19.52,19.03,19.12,19.77,18.46,18.85,19.06,18.79,18.95,19.11,19.14,19.31,19.31,18.95,19.46,19.27,19.36,19.53,18.66,18.76,18.54,19.1,19.29,19.41,19.64,18.77,19.35
19.4,19.54,19.36,18.67,19.48,18.99,19.11,19.8,18.45,18.99,19.19,18.77,19.06,19.14,19.01,19.3,19.61,19.01,19.44,19.34,19.28,19.49,18.63,18.8,18.59,19.08,19.37,19.4,19.6,18.83,19.39
19.36,19.62,19.17,18.73,19.44,19.01,19.07,19.59,18.46,18.98,19.19,18.83,18.91,19.26,18.86,19.29,19.51,19.17,19.49,19.58,19.33,19.5,18.61,18.82,18.61,19.18,19.44,19.45,19.38,18.82,19.38
19.27,19.73,19.18,18.82,19.42,19.01,19.12,19.6,18.4,18.85,19.27,18.82,18.95,19.33,18.76,19.34,19.58,19.35,19.45,19.68,19.33,19.49,18.76,18.73,18.82,19.19,19.45,19.42,19.39,18.86,19.45
19.18,19.77,19.1,18.93,19.5,19.02,19.17,19.59,18.37,18.89,19.32,19.05,19.12,19.18,18.82,19.32,19.71,19.28,19.38,19.98,19.26,19.46,18.85,18.75,18.89,19.3,19.35,19.33,19.4,18.92,19.49
19.11,19.84,19.14,19.18,19.35,19.04,19.24,19.44,18.22,18.84,19.29,19.26,18.92,19.36,18.89,19.39,19.9,19.31,19.48,19.94,19.25,19.55,18.88,18.78,18.96,19.35,19.46,19.33,19.42,18.89,19.44
19.11,19.9,19.22,19.29,19.41,19.06,19.2,19.49,18.09,18.8,19.26,19.43,19.3,19.44,18.84,19.49,19.82,19.34,19.31,19.92,19.12,19.54,19.07,19,19,19.29,19.53,19.17,19.42,18.79,19.35
19.07,19.87,19.27,19.63,19.38,19.02,19.33,19.47,18.13,18.82,19.34,19.42,19.28,19.49,19.13,19.51,19.79,19.32,19.33,19.91,19.3,19.52,19.09,18.89,19.09,19.27,19.73,19.24,19.43,18.87,19.33
18.99,19.86,19.11,19.59,19.57,19.05,19.55,19.53,18.22,18.93,19.34,19.29,19.1,19.52,18.95,19.46,19.9,19.02,19.26,19.83,19.37,19.44,19.09,18.99,19.2,19.35,19.56,19.22,19.38,19.04,19.34
18.96,19.67,19.23,19.62,19.7,19.21,19.52,19.54,18.45,19.01,19.23,19.15,19.28,19.37,18.96,19.51,19.85,19.1,19.43,19.79,19.17,19.33,19.11,18.96,19.21,19.32,19.63,19.31,19.36,18.94,19.33
19.03,19.57,19.28,19.6,19.6,19.27,19.74,19.54,18.31,19.06,19.3,19.45,19.46,19.39,18.87,19.51,19.86,19.05,19.35,19.71,19.35,19.22,19.06,18.97,19.08,19.38,19.52,19.27,19.34,18.98,19.43
19.22,19.49,19.29,19.87,19.47,19.24,19.86,19.55,18.41,19.21,19.35,19.23,19.3,18.91,18.9,19.58,19.91,19.12,19.33,19.62,19.63,19.37,19.05,19.32,19.05,19.43,19.61,19.3,19.32,19.04,19.36
19.34,19.51,19.31,19.81,19.45,19.24,19.93,19.61,18.45,19.26,19.4,19.24,19.22,18.96,18.79,19.39,19.88,19.07,19.28,19.64,19.62,19.17,19.17,19.18,19.02,19.41,19.71,19.32,19.34,18.84,19.27
19.36,19.56,19.35,19.72,19.49,19.28,19.93,19.64,18.41,19.22,19.4,19.34,19.26,19.02,18.91,19.41,19.83,19.06,19.34,19.54,19.58,19.1,19.37,19.27,19.05,19.48,19.78,19.35,19.24,18.87,19.25
19.42,19.59,19.25,19.65,19.53,19.16,19.86,19.61,18.58,19.42,19.44,19.47,19.39,18.98,18.67,19.28,19.81,19.17,19.35,19.57,19.6,19.05,19.44,19.4,19.01,19.51,19.75,19.34,19.24,18.94,19.16
19.46,19.59,19.27,19.65,19.32,19.25,19.81,19.61,18.56,19.5,19.39,19.36,19.41,18.79,18.82,19.41,19.63,19.2,19.23,19.58,19.54,19.05,19.51,19.51,19.03,19.5,19.62,19.44,19.31,18.83,19.32
19.48,19.53,19.33,19.8,19.53,19.24,19.72,19.7,18.66,19.49,19.1,19.29,19.36,18.86,18.86,19.45,19.3,19.23,19.36,19.65,19.65,19.08,19.4,19.58,19.12,19.56,19.56,19.5,19.49,19.06,19.31
19.46,19.47,19.51,19.82,19.51,19.26,19.72,19.76,18.76,19.28,19.01,19.48,19.36,18.91,18.94,19.36,19.31,19.15,19.37,19.59,19.39,19.21,19.41,19.55,19.18,19.57,19.63,19.77,19.56,19.09,19.37
19.35,19.48,19.46,19.66,19.55,19.36,19.53,19.73,19.04,19.09,19.18,19.39,19.34,18.93,18.99,19.35,18.96,19.06,19.38,19.69,19.52,19.12,19.45,19.53,19.26,19.52,19.62,19.7,19.47,19,19.47
19.46,19.45,19.42,19.64,19.51,19.33,19.44,19.79,19.13,19.06,19.22,19.44,19.35,19.01,19.14,19.37,18.82,19.07,19.41,19.66,19.11,19.28,19.49,19.59,19.39,19.69,19.59,19.85,19.5,19.06,19.58
19.32,19.37,19.49,19.67,19.57,19.32,19.51,19.57,19.17,19.05,19.28,19.42,19.36,19.02,19.14,19.55,18.92,19.11,19.38,19.77,19.05,19.22,19.36,19.56,19.38,19.58,19.37,19.51,19.48,19.11,19.56
19.4,19.32,19.57,19.67,19.52,19.27,19.51,19.56,19.18,19.04,19.23,19.46,19.35,19.11,19.25,19.53,18.77,19.12,19.57,19.69,19.03,19.35,19.44,19.68,19.19,19.61,19.53,19.7,19.48,19.22,19.54
19.4,19.29,19.57,19.67,19.58,19.3,19.48,19.66,19.22,19.02,19.18,19.41,19.21,19.17,19.18,19.51,18.67,18.93,19.5,19.69,19,19.37,19.47,19.7,19.17,19.68,19.56,19.96,19.48,19.24,19.54
19.38,19.23,19.72,19.72,19.57,19.32,19.51,19.7,19.36,19.12,18.85,19.48,19.28,19.13,19.27,19.55,18.55,18.64,19.56,19.68,18.95,19.56,19.41,19.86,19.22,19.67,19.54,19.69,19.47,19.3,19.63
19.41,19.08,19.67,19.4,19.62,19.23,19.34,19.68,19.49,19.33,18.9,19.8,19.32,19.12,19.29,19.57,18.48,18.64,19.32,19.69,18.88,19.57,19.54,19.34,19.17,19.42,19.69,19.8,19.43,19.3,19.51
19.49,19.11,19.74,19.41,19.69,19.25,19.33,19.66,19.4,19.25,18.97,19.66,19.36,19.09,19.35,19.67,18.78,18.76,19.34,19.52,18.89,19.71,19.55,19.15,18.91,19.45,19.76,19.81,19.58,19.19,19.57
19.48,19.13,19.77,19.16,19.68,19.25,19.32,19.65,19.44,19.28,18.93,19.69,19.39,18.84,19.38,19.72,18.79,18.79,19.29,19.37,18.93,19.79,19.42,19.04,19.07,19.26,19.64,19.28,19.61,19.13,19.43
19.6,19.15,19.7,19.41,19.74,19.22,19.37,19.67,19.3,19.23,18.87,19.51,19.41,18.87,19.44,19.74,18.79,18.93,19.48,19.33,19.04,19.91,19.51,19.15,19,19.26,19.62,19.28,19.73,19.11,19.43
19.7,19.23,19.54,19.3,19.62,19.22,19.45,19.47,19.42,19.46,18.86,19.56,19.43,19.08,19.52,19.66,19.08,18.96,19.59,19.14,18.9,19.88,19.48,19.08,19.11,19.23,19.66,19.26,19.76,19.05,19.44
19.67,19.31,19.65,19.33,19.6,19.26,19.44,19.5,19.39,19.52,19.05,19.59,19.54,18.78,19.51,19.74,19.13,18.93,19.79,19.16,18.87,19.63,19.49,18.94,19.19,19.36,19.53,19,19.68,18.94,19.5
19.6,19.33,19.47,19.28,19.53,19.34,19.54,19.32,19.45,19.53,19.19,19.64,19.66,18.48,19.51,19.72,19.21,18.9,19.9,19.23,18.77,19.19,19.49,19.04,19.2,19.21,19.51,19.02,19.86,19.03,19.57
19.65,19.4,19.46,19.3,19.56,19.43,19.57,19.37,19.37,19.54,19.18,19.62,19.67,18.55,19.58,19.7,19.3,19.05,20.01,19.27,19.01,19.09,19.55,18.95,19.24,19.24,19.4,19.02,19.86,18.95,19.42
19.62,19.41,19.46,19.25,19.51,19.29,19.27,19.19,19.32,19.58,19.22,19.53,19.69,18.51,19.64,19.66,19.28,19.06,20.1,19.32,18.87,18.73,19.59,19.15,19.23,19.04,19.45,19.09,19.96,18.88,19.44
19.62,19.49,19.36,19.21,19.49,19.28,19.25,19.47,19.36,19.53,19.16,19.56,19.66,18.47,19.68,19.68,19.47,19.03,20.06,19.16,18.8,18.76,19.62,19.13,19.36,19.19,19.16,18.94,20.01,18.74,19.55
19.52,19.32,19.42,19.31,19.58,19.26,19.21,19.36,19.61,19.38,19.15,19.61,19.6,18.55,19.68,19.83,19.46,18.9,19.86,19.01,18.61,18.77,19.59,19.17,19.12,18.91,19.19,18.78,19.98,18.94,19.62
19.59,19.35,19.29,19.27,19.54,19.25,19.09,19.23,19.83,19.41,19.02,19.7,19.56,18.66,19.27,19.73,19.52,19.27,19.59,19.19,18.55,18.79,19.67,19.07,19.23,19,19.35,18.59,20.16,18.86,19.61
19.62,19.28,19.25,19.27,19.45,19.35,19.11,19.19,19.41,19.39,19.12,19.44,19.58,18.69,19.33,19.74,19.56,19.1,19.72,19.23,18.54,18.81,19.65,19.27,19.26,19,19.34,18.64,20.22,18.92,19.54
19.42,19.42,19.25,19.39,19.53,19.4,19.07,19.1,19.53,19.41,19.08,19.36,19.52,18.51,19.44,19.66,19.7,19.11,19.34,19.28,18.48,18.8,19.73,19.33,19.5,19.07,19.28,18.61,20.22,18.91,19.51
19.33,19.36,19.29,19.44,19.48,19.3,18.77,18.98,19.54,19.55,19.03,19.22,19.4,18.3,19.54,19.61,19.6,19.17,18.99,19.44,18.32,18.76,19.66,19.39,19.53,19.08,19.04,18.5,20.21,18.91,19.54
19.05,19.39,19.55,19.48,19.45,19.37,18.77,18.98,19.55,19.53,19.05,19.21,19.42,18.41,19.35,19.75,19.35,19.22,18.88,19.65,18.31,18.72,19.72,19.48,19.42,19.06,19.14,18.32,20.29,18.96,19.44
18.95,19.38,19.45,19.56,19.5,19.34,18.72,18.88,19.57,19.58,19.01,19.12,19.43,18.39,19.41,19.66,19.25,19.16,18.77,19.71,18.29,18.72,19.68,19.5,19.46,19.11,18.93,18.3,20.42,18.77,19.47
18.73,19.3,19.5,19.62,19.61,19.2,18.35,18.9,19.65,19.6,19.01,19.03,19.47,18.44,19.48,19.77,19.25,19.14,18.65,19.74,18.32,18.72,19.64,19.45,19.45,18.74,18.97,18.42,20.39,19.01,19.42
18.66,19.27,19.47,19.73,19.65,19.23,18.37,18.9,19.66,19.62,19.1,19.03,19.37,18.43,19.53,19.71,19.27,19.13,18.55,19.72,18.32,18.77,19.63,19.43,19.47,18.81,19.1,18.6,20.34,18.99,19.33
18.47,19.23,19.46,19.73,19.66,19.32,18.43,18.95,19.55,19.44,19.04,19.06,19.47,18.43,19.8,19.67,19.17,19.16,18.65,19.67,18.33,18.9,19.63,19.54,19.48,18.59,19.21,18.49,20.22,18.93,19.34
18.64,19.25,19.51,19.84,19.66,19.41,18.22,19.04,19.69,19.25,19.17,19.07,19.47,18.78,19.8,19.63,19.13,19.13,18.37,19.6,18.48,18.94,19.39,19.39,19.48,18.58,19.09,18.7,20.12,19.01,19.41
18.77,19.21,19.56,19.85,19.59,19.51,18.22,18.92,19.69,19.15,19.05,19.18,19.54,18.8,19.77,19.65,19.15,19.07,18.54,19.68,18.62,18.96,19.4,19.37,19.43,18.28,19.16,18.71,20.17,19.14,19.37
18.58,19.03,19.74,19.93,19.75,19.53,18.4,18.83,19.74,18.92,19.01,19.27,19.55,18.83,19.64,19.68,19.12,19.14,18.64,19.57,18.61,19.42,19.23,19.04,19.5,18.36,19.14,19.61,20.06,19.11,19.41
18.52,19.15,19.81,19.93,19.7,19.42,18.47,18.83,19.6,18.97,19.2,19.3,20.56,18.81,19.57,19.66,19.04,19.25,18.34,19.53,18.68,19.48,19.28,19.13,19.51,18.48,19.16,19.65,19.98,19.16,19.33
18.42,19.06,19.68,19.85,19.74,19.46,18.39,19.42,19.59,18.88,19.28,19.43,20.64,18.87,19.57,19.67,19.03,19.25,18.67,19.45,18.68,19.71,19.32,19.15,19.49,18.43,19.3,20.58,19.93,19.27,19.28
18.18,19.12,19.61,19.54,19.74,19.28,18.45,19.65,19.61,18.74,19.21,19.43,20.63,18.95,19.59,19.75,18.96,19.31,18.69,19.16,18.81,19.92,19.35,19.29,19.41,18.34,19.49,20.74,20.02,19.46,19.13
18.01,19.2,19.57,19.53,19.69,19.13,18.47,19.82,19.54,18.83,19.24,19.49,20.21,19.04,19.72,19.61,19.06,19.3,18.59,19.12,18.8,19.9,19.52,19.1,19.3,18.39,19.53,21.04,19.83,19.39,18.96
18.03,19.26,19.79,19.53,19.73,19,18.5,19.55,19.57,18.84,19.31,19.57,20.15,19.17,19.68,19.66,18.94,19.34,18.58,19.13,19.37,19.89,19.52,19.01,19.33,18.64,19.7,22,20.02,19.47,19.07
17.81,19.28,19.66,19.45,19.63,19.14,18.6,19.52,19.59,19.13,19.23,19.33,20.11,19.36,19.32,19.57,18.7,19.3,18.27,19.22,19.45,20,19.53,18.98,19.54,18.68,19.58,22.41,20.06,19.56,18.98
17.64,19.18,19.69,19.45,19.64,19.49,18.71,19.59,19.52,19.12,19.21,19.39,20.07,19.43,19.47,19.55,18.88,19.24,18.22,19.19,19.49,19.88,19.5,18.97,19.57,18.72,19.55,22.44,20.03,19.65,18.99
17.52,19.08,19.75,19.45,19.54,19.17,18.87,19.57,19.39,19.19,19.23,19.34,19.49,19.79,19.4,19.47,18.92,19.11,18.27,19.21,19.61,19.97,19.32,18.92,19.56,18.88,19.68,25.74,20.11,19.58,18.83
17.5,19.12,19.76,19.48,19.58,19.19,19.1,19.51,19.39,19.24,19.31,19.22,19.55,19.79,19.38,19.45,19.04,19.3,18.29,19.32,19.72,20.02,19.43,18.84,19.5,19.01,19.99,28.47,19.71,19.59,18.9
17.51,19.29,19.64,19.47,19.53,19.27,19.05,19.59,19.3,19.32,19.35,19.14,19.33,19.83,19.26,19.4,19.25,19.18,18.13,19.3,19.86,20.02,19.37,18.82,19.34,18.72,19.85,29.82,19.73,19.6,18.88
17.51,19.37,19.59,19.47,19.5,19.28,19.21,19.54,19.43,19.19,19.29,19.11,19.34,19.78,19.46,19.42,19.21,19.18,18.06,19.48,19.94,20.02,19.37,18.69,19.38,18.63,19.87,27.06,19.71,19.54,19.04
17.5,19.27,19.42,19.48,19.56,19.3,19.17,19.59,19.22,19.03,19.38,19.05,19.4,19.86,19.02,19.59,19.04,19.34,17.91,19.59,19.76,20.02,19.49,18.87,19.17,18.78,19.88,29.16,19.74,19.54,18.91
17.68,19.2,19.47,19.46,19.68,19.32,19.24,19.8,19.2,18.96,19.39,19.33,19.31,19.86,19.04,19.6,19.23,19.33,17.98,19.61,19.98,19.98,19.55,18.77,19.18,18.77,19.82,29.45,19.85,19.49,18.91
17.84,19.41,19.4,19.46,19.63,19.26,18.99,19.88,18.93,19.06,19.45,19.31,19.36,19.83,18.97,19.61,19.31,19.25,18.09,19.85,19.91,19.77,19.57,19,19.02,18.94,19.78,29.45,19.87,19.46,18.88
17.88,19.43,19.76,19.55,19.54,19.07,18.94,19.91,18.89,19.1,19.67,19.22,19.37,19.84,19.13,19.67,19.34,19.04,18.2,19.9,19.85,19.77,19.54,18.94,19.05,18.96,19.96,30.93,19.93,19.46,19.07
18.12,19.39,19.6,19.86,19.59,19.01,18.82,19.91,18.81,19.15,19.8,19.36,19.48,19.82,19.09,19.72,19.42,18.85,18.12,19.92,19.57,19.78,19.55,19.1,18.99,19.18,20.08,30.74,19.84,19.44,19.04
18.26,19.26,19.57,19.83,19.53,18.98,19.04,20.08,18.77,19.16,19.83,19.38,19.5,19.83,19.17,19.66,19.55,18.66,18.13,20.02,19.55,19.77,19.39,19.19,18.74,19.27,19.96,32.36,19.88,19.34,19.18
18.3,19.24,19.47,19.53,19.55,19.07,19.15,20.19,18.88,19.04,19.93,19.67,19.53,19.95,19.05,19.88,19.52,18.74,18.3,19.76,19.17,19.64,19.37,19.29,19.01,19.26,20.2,27.58,19.91,19.35,19.26
18.38,19.38,19.41,19.69,19.44,19.1,19.14,20.58,18.97,19.09,19.94,19.61,19.57,19.75,18.89,19.81,19.6,18.94,18.31,19.84,19.23,19.74,19.33,19.3,19.05,19.19,20.25,30.81,19.91,19.42,19.36
18.46,19.4,19.49,19.63,19.35,19.08,19.38,20.33,18.99,19.08,19.67,19.64,19.59,19.73,18.56,19.83,19.66,19.03,18.4,19.49,19.13,19.76,19.31,19.26,19.12,19.4,19.92,29.51,20.13,19.43,19.33
18.69,19.4,19.57,19.66,19.53,19.06,19.26,20.44,18.77,18.75,19.49,19.71,19.73,19.74,18.53,19.83,19.77,19.08,18.59,19.57,19.18,19.93,19.22,19.32,19.17,19.33,19.76,27.78,20.13,19.49,19.23
18.73,19.58,19.75,19.52,19.61,19.07,19.16,20.42,19.1,18.81,19.47,19.75,19.53,19.71,18.6,19.64,19.78,18.87,18.55,19.61,19.14,19.66,19.28,19.63,19.27,19.29,19.6,31.27,20.14,19.41,19.18
18.79,19.54,19.63,19.53,19.56,19.17,19.26,20.62,19.14,18.83,19.4,19.75,19.54,19.67,18.85,19.49,19.66,18.87,18.54,19.52,19.02,19.68,19.35,19.43,19.27,19.4,19.49,29.74,20.22,19.5,19.08
18.86,19.75,19.64,19.54,19.54,19.33,19.33,20.66,19.03,18.75,19.28,19.71,19.7,19.68,18.91,19.41,19.68,19.05,18.59,19.62,18.92,19.39,19.48,19.55,19.41,19.42,19.31,30.14,20.38,19.44,19.08
18.91,19.34,19.67,19.5,19.59,19.32,19.5,19.48,19.08,18.83,19.35,19.45,19.49,19.53,18.82,19.67,19.72,19.11,18.8,19.57,18.8,19.49,19.47,19.49,19.44,19.35,19.54,30.08,19.97,19.42,19.21
19.02,19.53,19.82,19.45,19.65,19.4,19.45,19.65,19.25,18.87,19.42,19.51,19.52,19.43,18.99,19.57,19.65,18.91,18.73,19.57,18.93,19.53,19.45,19.44,19.64,19.33,19.56,30.92,20.02,19.47,19.14
18.99,19.41,19.75,19.46,19.67,19.43,19.52,19.68,19.35,18.77,19.35,19.41,19.45,19.46,19.12,19.57,19.55,19.2,18.79,19.66,19.11,19.58,19.54,19.47,19.53,19.23,19.43,30.87,20.46,19.17,19.24
19.09,19.44,19.7,19.48,19.51,19.64,19.59,19.41,19.29,18.74,19.38,19.45,19.54,19.34,19.14,19.63,19.64,19.25,18.91,19.69,19.27,19.48,19.56,19.38,19.59,19.32,19.34,31.39,20.45,19.22,19.2
19.37,19.44,19.7,19.2,19.58,19.78,19.54,19.42,19.26,18.87,19.13,19.46,19.59,19.28,19.26,19.63,19.73,19.26,18.83,19.69,19.28,19.44,19.51,19.28,19.63,19.25,19.39,30.29,19.38,19.32,19.27
19.53,19.58,19.66,19.17,19.45,19.89,19.34,19.38,19.23,18.87,19.19,19.48,19.59,19.02,19.26,19.53,19.75,19.21,19.07,19.72,19.24,19.48,19.65,19.29,19.75,19.21,19.51,29.4,19.57,19.32,19.34
19.99,19.55,19.59,19.26,19.46,19.76,19.35,19.39,19.33,18.93,19.17,19.36,19.56,18.85,19.26,19.48,19.69,19.34,19.13,19.7,19.31,19.51,19.67,19.1,19.73,19.15,19.22,30.23,19.52,19.56,19.4
20.02,19.48,19.65,19.28,19.55,19.73,19.43,19.37,19.34,19.01,19.21,19.31,19.55,18.78,19.26,19.43,19.69,19.26,19.13,19.68,19.29,19.49,19.64,19.27,19.82,19.16,19.2,30.33,19.45,19.63,19.41
20.06,19.62,19.59,19.38,19.55,19.62,19.74,19.4,19.3,19.14,19.19,19.37,19.57,18.87,19.26,19.4,19.58,19.39,19.24,19.63,19.5,19.34,19.68,19.24,19.68,19.2,19.12,32.27,19.44,19.62,19.39
19.56,19.66,19.69,19.24,19.66,19.32,19.64,19.4,19.3,19.19,19.26,19.35,19.53,18.97,19.25,19.33,19.66,19.39,19.26,19.66,19.47,19.28,19.58,19.37,19.76,19.11,19.25,31.31,19.49,19.48,19.41
19.28,19.67,19.65,19.11,19.63,19.36,19.38,19.87,19.29,19.19,19.27,19.23,19.59,18.79,19.31,19.37,19.38,19.34,19.42,19.65,19.4,19.28,19.46,19.38,19.7,19.22,19.1,32.28,19.53,19.47,19.34
19.21,19.6,19.46,19.24,19.65,19.38,19.78,19.72,19.27,19.2,19.11,19.08,19.52,18.62,19.28,19.46,19.43,19.47,19.39,19.51,19.33,19.17,19.47,19.31,19.6,19.22,19.18,30.18,19.42,19.49,19.24
19.22,19.62,19.39,19.32,19.65,19.39,18.76,19.66,19.31,19.23,19.09,19.14,19.36,18.66,19.46,19.46,19.46,19.45,19.46,19.59,19.18,19.38,19.44,19.38,19.62,19.16,19.21,31.22,19.22,19.51,19.31
